region,avg_pm25
US Diplomatic Post: New Delhi-8118,60.911265432098766
New Delhi-8118,58.49180327868852
